train_loss,val_loss,train_accuracy,val_accuracy,time_per_batch
1.3732211589813232,1.3749545812606812,0.3,0.290625,460.7117176055908
1.3757684230804443,1.3855297565460205,0.278125,0.2625,12.621402740478516
1.3769176006317139,1.3725483417510986,0.303125,0.325,11.383533477783203
1.3661601543426514,1.3728289604187012,0.31875,0.309375,11.305809020996094
1.3832587003707886,1.3755630254745483,0.290625,0.29375,11.342048645019531
1.367354393005371,1.3675742149353027,0.3125,0.325,11.286258697509766
1.3763387203216553,1.3700568675994873,0.28125,0.3,11.331796646118164
1.3797166347503662,1.3766891956329346,0.296875,0.2875,11.351346969604492
1.380050539970398,1.3729526996612549,0.275,0.303125,11.271238327026367
1.3637526035308838,1.3728960752487183,0.278125,0.284375,11.312723159790039
1.3530395030975342,1.3783328533172607,0.34375,0.284375,11.326074600219727
1.3592586517333984,1.361619472503662,0.3375,0.2875,11.301279067993164
1.3664391040802002,1.3643217086791992,0.334375,0.340625,11.324167251586914
1.3712615966796875,1.3815619945526123,0.3,0.290625,11.317253112792969
1.3664284944534302,1.374554991722107,0.2875,0.31875,11.343955993652344
1.3667199611663818,1.3920680284500122,0.353125,0.33125,11.265277862548828
1.375152349472046,1.3820865154266357,0.284375,0.321875,11.249065399169922
1.385457992553711,1.3655245304107666,0.278125,0.33125,11.267900466918945
1.3905527591705322,1.3682104349136353,0.30625,0.309375,11.349678039550781
1.3770904541015625,1.3928163051605225,0.25,0.275,11.314630508422852
1.3775132894515991,1.3538357019424438,0.28125,0.290625,11.251211166381836
1.3571827411651611,1.374508261680603,0.290625,0.271875,11.347055435180664
1.3790743350982666,1.3636043071746826,0.259375,0.26875,11.347055435180664
1.3546702861785889,1.3428680896759033,0.30625,0.25625,11.284351348876953
1.377639651298523,1.3738470077514648,0.25625,0.26875,11.303186416625977
1.3671305179595947,1.3615597486495972,0.259375,0.28125,11.35873794555664
1.3720319271087646,1.3515721559524536,0.284375,0.296875,11.321067810058594
1.3265939950942993,1.3530458211898804,0.403125,0.384375,11.315107345581055
1.3475048542022705,1.3536654710769653,0.35625,0.325,11.373758316040039
1.3273288011550903,1.3359341621398926,0.334375,0.365625,11.345863342285156
1.3525164127349854,1.3389781713485718,0.265625,0.290625,11.286735534667969
1.3371217250823975,1.3327679634094238,0.25625,0.3125,11.309146881103516
1.3380672931671143,1.3394582271575928,0.278125,0.259375,11.270999908447266
1.3331998586654663,1.3441616296768188,0.271875,0.221875,11.263370513916016
1.3223941326141357,1.3361070156097412,0.3125,0.2625,11.276006698608398
1.33086359500885,1.3349400758743286,0.321875,0.2625,11.220932006835938
1.3292953968048096,1.3314443826675415,0.290625,0.3,11.275053024291992
1.3251696825027466,1.3234416246414185,0.315625,0.303125,11.270761489868164
1.2969542741775513,1.305961012840271,0.353125,0.384375,11.21973991394043
1.2894670963287354,1.2847115993499756,0.4,0.378125,11.258602142333984
1.2654019594192505,1.2586091756820679,0.421875,0.45625,11.272430419921875
1.2456809282302856,1.2516045570373535,0.3875,0.41875,11.206626892089844
1.221276044845581,1.2410902976989746,0.38125,0.4,11.259317398071289
1.2139756679534912,1.1922599077224731,0.425,0.465625,11.288642883300781
1.2078101634979248,1.2115603685379028,0.3875,0.384375,11.259794235229492
1.1880528926849365,1.1908812522888184,0.353125,0.403125,11.252164840698242
1.178971529006958,1.196474313735962,0.428125,0.4,11.26408576965332
1.1484593152999878,1.149065613746643,0.35,0.403125,11.267662048339844
1.1255017518997192,1.1457456350326538,0.3375,0.409375,11.25478744506836
1.0921781063079834,1.1157666444778442,0.35625,0.459375,11.269569396972656
1.1025632619857788,1.1002691984176636,0.390625,0.421875,11.240720748901367
1.0627106428146362,1.0701667070388794,0.39375,0.44375,11.241674423217773
1.0233609676361084,1.0288541316986084,0.490625,0.40625,11.277914047241211
1.0424283742904663,1.0320717096328735,0.409375,0.428125,11.24262809753418
0.9806033968925476,1.0147662162780762,0.396875,0.421875,11.296987533569336
0.9785649180412292,0.996485710144043,0.384375,0.40625,11.280536651611328
0.9831538200378418,0.9750558733940125,0.384375,0.4375,11.291742324829102
1.0080106258392334,0.991631805896759,0.3625,0.415625,11.178970336914062
0.9698899388313293,0.9703785181045532,0.425,0.3625,11.288166046142578
0.9785895347595215,0.9807549715042114,0.39375,0.409375,11.237859725952148
0.9710062742233276,1.0127202272415161,0.396875,0.390625,11.292219161987305
0.9457762837409973,0.9232735633850098,0.3875,0.371875,11.327505111694336
0.8877516984939575,0.8676199913024902,0.4125,0.4625,11.27171516418457
0.912319540977478,0.892204761505127,0.378125,0.371875,11.258602142333984
0.8729994893074036,0.8863353729248047,0.503125,0.48125,11.322975158691406
0.8840852975845337,0.9148901700973511,0.440625,0.50625,11.27314567565918
0.8203951120376587,0.8810936212539673,0.49375,0.43125,11.310815811157227
0.8337012529373169,0.8583431243896484,0.44375,0.45,11.246442794799805
0.8547108769416809,0.8365474939346313,0.44375,0.478125,11.282682418823242
0.8241190910339355,0.8441425561904907,0.4375,0.459375,11.265993118286133
0.8651691675186157,0.8664571642875671,0.48125,0.44375,11.315345764160156
0.8522637486457825,0.8867939710617065,0.4375,0.446875,11.250495910644531
0.8438706398010254,0.8378961682319641,0.48125,0.5125,11.323928833007812
0.8244732022285461,0.8373863101005554,0.5,0.475,11.282205581665039
0.800761878490448,0.8201467394828796,0.54375,0.4875,11.338949203491211
0.7878648042678833,0.7853959202766418,0.490625,0.515625,11.264562606811523
0.8057309985160828,0.8271285891532898,0.45625,0.49375,11.23499870300293
0.7946630120277405,0.8300577402114868,0.509375,0.4625,11.345624923706055
0.7938668131828308,0.8321608304977417,0.48125,0.484375,11.259794235229492
0.7721173763275146,0.8164560198783875,0.490625,0.5,11.296272277832031
0.7869874238967896,0.7545826435089111,0.5,0.453125,11.323690414428711
0.7614757418632507,0.7796193361282349,0.459375,0.453125,11.300086975097656
0.7655159831047058,0.7943917512893677,0.40625,0.409375,11.277198791503906
0.7537099719047546,0.8083938360214233,0.43125,0.4625,11.337757110595703
0.782636821269989,0.7944582104682922,0.4375,0.4375,11.249065399169922
0.770379900932312,0.7712486386299133,0.453125,0.446875,11.302471160888672
0.7476806640625,0.7532252073287964,0.4625,0.453125,11.266946792602539
0.7285317182540894,0.7576879262924194,0.428125,0.475,11.278152465820312
0.7035109400749207,0.7407215237617493,0.509375,0.40625,11.313199996948242
0.7036260962486267,0.7230580449104309,0.49375,0.49375,11.282920837402344
0.7145347595214844,0.7119031548500061,0.434375,0.475,11.26408576965332
0.7101706862449646,0.7395154237747192,0.425,0.4125,11.299610137939453
0.7222954630851746,0.7020582556724548,0.49375,0.421875,11.357784271240234
0.7048042416572571,0.7211732864379883,0.48125,0.43125,11.181831359863281
0.700859010219574,0.7199737429618835,0.471875,0.459375,11.25025749206543
0.7029789686203003,0.7267600297927856,0.49375,0.43125,11.272192001342773
0.6860781908035278,0.7174646258354187,0.446875,0.446875,11.294126510620117
0.7113205194473267,0.7057909369468689,0.415625,0.39375,12.296676635742188
0.7103462219238281,0.7029167413711548,0.471875,0.4625,11.313915252685547
0.6925405859947205,0.7080701589584351,0.45,0.475,11.32345199584961
0.6752141714096069,0.6826832890510559,0.509375,0.45,11.336088180541992
0.7328450083732605,0.6728411912918091,0.4625,0.50625,11.31129264831543
0.7028873562812805,0.6881130933761597,0.471875,0.49375,11.25645637512207
0.6526916027069092,0.6928775310516357,0.509375,0.465625,12.170076370239258
0.6516935229301453,0.6577025651931763,0.453125,0.48125,11.366844177246094
0.6776717901229858,0.6606864929199219,0.4,0.434375,11.24882698059082
0.6855502128601074,0.6993816494941711,0.453125,0.421875,11.286258697509766
0.7036662101745605,0.70594722032547,0.415625,0.421875,11.303186416625977
0.692194938659668,0.7299860119819641,0.4375,0.38125,11.328458786010742
0.6817846298217773,0.7291398048400879,0.440625,0.40625,11.279821395874023
0.707510232925415,0.7373145818710327,0.459375,0.35,11.317014694213867
0.6543412208557129,0.7102500796318054,0.4125,0.403125,11.293411254882812
0.6614500284194946,0.7032422423362732,0.3875,0.38125,11.291027069091797
0.6621780395507812,0.664411187171936,0.415625,0.390625,11.221170425415039
0.623600423336029,0.6476868391036987,0.440625,0.45625,11.235713958740234
0.6485897302627563,0.6562768220901489,0.45625,0.440625,11.325597763061523
0.6773041486740112,0.6615787744522095,0.478125,0.46875,11.276483535766602
0.6925145983695984,0.6812792420387268,0.434375,0.446875,11.310577392578125
0.6689770817756653,0.6525479555130005,0.46875,0.453125,11.270523071289062
0.6694172620773315,0.6642202138900757,0.475,0.5,11.171817779541016
0.6641343235969543,0.6318718791007996,0.421875,0.478125,11.23356819152832
0.6217696666717529,0.6544681191444397,0.428125,0.46875,11.308908462524414
0.6178186535835266,0.6374810934066772,0.440625,0.44375,11.281251907348633
0.6417970061302185,0.6339703798294067,0.4625,0.453125,11.246681213378906
0.6041991710662842,0.6371006369590759,0.478125,0.45,11.278629302978516
0.593192458152771,0.6437109708786011,0.5,0.471875,11.317253112792969
0.6419605016708374,0.6446263194084167,0.41875,0.39375,11.324167251586914
0.6515366435050964,0.6439989805221558,0.471875,0.440625,11.316299438476562
0.5973228216171265,0.6068084239959717,0.421875,0.46875,11.302709579467773
0.600663959980011,0.5963932275772095,0.4875,0.515625,11.316061019897461
0.5939251184463501,0.5958573222160339,0.446875,0.53125,11.293888092041016
0.6137067675590515,0.6217652559280396,0.44375,0.44375,11.312723159790039
0.5959118008613586,0.6119642853736877,0.459375,0.4625,11.281013488769531
0.6319332122802734,0.6310129165649414,0.44375,0.428125,11.320114135742188
0.6016039848327637,0.6248964071273804,0.465625,0.409375,11.274099349975586
0.6138049364089966,0.6190668344497681,0.465625,0.44375,11.340141296386719
0.6198028326034546,0.6090109348297119,0.40625,0.459375,11.283397674560547
0.5997613668441772,0.5983110666275024,0.44375,0.45625,11.259794235229492
0.586591362953186,0.6136835813522339,0.471875,0.434375,11.301517486572266
0.6211122870445251,0.5925800204277039,0.478125,0.48125,11.297464370727539
0.5721396207809448,0.5952051877975464,0.4375,0.446875,11.350870132446289
0.5895929336547852,0.5881048440933228,0.4375,0.49375,11.346817016601562
0.58463054895401,0.6137351393699646,0.475,0.434375,11.342763900756836
0.5816449522972107,0.597621500492096,0.46875,0.4625,11.29603385925293
0.5839219689369202,0.5726875066757202,0.46875,0.45625,11.328935623168945
0.5672879219055176,0.5779017806053162,0.4375,0.4875,11.343002319335938
0.5742479562759399,0.6058390140533447,0.425,0.453125,11.339426040649414
0.6558175086975098,0.6242527961730957,0.421875,0.41875,11.342287063598633
0.603205680847168,0.6146589517593384,0.459375,0.425,11.30533218383789
0.5952566862106323,0.652449905872345,0.421875,0.4125,11.297464370727539
0.6218814253807068,0.6549230813980103,0.415625,0.359375,11.286735534667969
0.5711196660995483,0.6382293105125427,0.45,0.409375,11.345863342285156
0.5772325396537781,0.5732463002204895,0.471875,0.453125,11.264324188232422
0.5642870664596558,0.5916503667831421,0.43125,0.434375,11.289596557617188
0.5684231519699097,0.5654519200325012,0.38125,0.421875,11.315345764160156
0.5926723480224609,0.5816876888275146,0.38125,0.428125,11.313199996948242
0.5915468335151672,0.6322008371353149,0.4625,0.45,11.406421661376953
0.6173902750015259,0.6031044125556946,0.428125,0.440625,11.321783065795898
0.6067267656326294,0.616314172744751,0.49375,0.4375,11.291742324829102
0.5710451006889343,0.5717865228652954,0.4625,0.509375,11.26551628112793
0.5783876180648804,0.5744531750679016,0.465625,0.44375,11.270284652709961
0.5840973258018494,0.5630396604537964,0.45,0.44375,11.321783065795898
0.5690480470657349,0.5641785860061646,0.4875,0.45625,11.262893676757812
0.5552712678909302,0.5650743246078491,0.478125,0.48125,11.260747909545898
0.5704962015151978,0.5678479671478271,0.43125,0.440625,11.257171630859375
0.5622461438179016,0.5680927038192749,0.4375,0.46875,11.237382888793945
0.5703853964805603,0.5627925395965576,0.390625,0.4,11.355161666870117
0.589614748954773,0.5867381691932678,0.459375,0.38125,11.371850967407227
0.5849073529243469,0.5821995139122009,0.40625,0.415625,11.37399673461914
0.609880805015564,0.5870847702026367,0.45625,0.509375,11.365175247192383
0.54921555519104,0.6049696207046509,0.440625,0.41875,11.23952865600586
0.5712951421737671,0.5626729726791382,0.403125,0.4125,11.294364929199219
0.5614618062973022,0.5604362487792969,0.459375,0.446875,11.284589767456055
0.5500070452690125,0.5552072525024414,0.4375,0.44375,11.268854141235352
0.5413766503334045,0.5361241102218628,0.446875,0.446875,11.285781860351562
0.5564638376235962,0.5341686010360718,0.425,0.575,11.387109756469727
0.5361489653587341,0.5378826856613159,0.5125,0.45625,11.25478744506836
0.5483173727989197,0.5544270277023315,0.45625,0.509375,11.242389678955078
0.5620495676994324,0.5480236411094666,0.434375,0.4875,11.259317398071289
0.5499612092971802,0.5611559152603149,0.478125,0.4875,11.265039443969727
0.5460919737815857,0.5476972460746765,0.5,0.49375,11.270761489868164
0.5313845872879028,0.5545381307601929,0.503125,0.471875,11.302471160888672
0.5450960397720337,0.5451486110687256,0.459375,0.4875,11.376380920410156
0.5406924486160278,0.5393939018249512,0.471875,0.471875,11.289358139038086
0.529249906539917,0.5404409170150757,0.5125,0.403125,11.2457275390625
0.5599098205566406,0.5473931431770325,0.45625,0.4625,11.264324188232422
0.5339928269386292,0.5451595187187195,0.4875,0.409375,11.267662048339844
0.5538106560707092,0.5354923009872437,0.428125,0.478125,11.368274688720703
0.5278135538101196,0.5371767282485962,0.49375,0.41875,11.263370513916016
0.5243716835975647,0.5323124527931213,0.515625,0.521875,11.263132095336914
0.5170910358428955,0.5320090055465698,0.515625,0.496875,11.332988739013672
0.540843665599823,0.529328465461731,0.475,0.45,11.298179626464844
0.5002504587173462,0.5413299202919006,0.5125,0.4375,11.345863342285156
0.5356586575508118,0.5500539541244507,0.4125,0.4375,11.403083801269531
0.530768096446991,0.5143117308616638,0.45625,0.509375,11.357784271240234
0.5095263719558716,0.49590784311294556,0.475,0.45,11.449337005615234
0.5000582933425903,0.5196618437767029,0.490625,0.478125,11.321783065795898
0.5261918902397156,0.5422267317771912,0.5,0.48125,11.406898498535156
0.5282617807388306,0.5658137202262878,0.515625,0.503125,11.230230331420898
0.5528608560562134,0.529240608215332,0.484375,0.5,11.237382888793945
0.5765200853347778,0.5585429072380066,0.45625,0.459375,11.277914047241211
0.5430610775947571,0.5632822513580322,0.459375,0.409375,11.263132095336914
0.5431087017059326,0.5067567825317383,0.44375,0.475,11.245012283325195
0.49664759635925293,0.5140445828437805,0.49375,0.49375,11.257648468017578
0.499464750289917,0.5009163618087769,0.534375,0.440625,11.292457580566406
0.5112965106964111,0.4966406226158142,0.515625,0.521875,11.282205581665039
0.5033146142959595,0.5098075866699219,0.496875,0.4875,11.296272277832031
0.5294719338417053,0.4879157543182373,0.459375,0.49375,11.320829391479492
0.4918949604034424,0.5041056871414185,0.553125,0.490625,11.29150390625
0.521416962146759,0.5094894170761108,0.528125,0.5,11.276483535766602
0.4959718585014343,0.4905965328216553,0.49375,0.5375,11.237621307373047
0.4875739514827728,0.47631901502609253,0.475,0.534375,11.228084564208984
0.47731512784957886,0.4944275915622711,0.475,0.46875,11.255264282226562
0.4844469130039215,0.4887130856513977,0.475,0.540625,11.242151260375977
0.4683440327644348,0.47844934463500977,0.584375,0.60625,11.232137680053711
0.4889106750488281,0.479398638010025,0.484375,0.515625,11.30533218383789
0.47518038749694824,0.48737525939941406,0.565625,0.525,11.327028274536133
0.4725522994995117,0.4845922887325287,0.525,0.50625,11.27171516418457
0.46448221802711487,0.4688785970211029,0.5125,0.540625,11.281251907348633
0.47544020414352417,0.45866212248802185,0.534375,0.4875,11.25478744506836
0.4672245383262634,0.4712000787258148,0.5,0.5125,11.313199996948242
0.4888586103916168,0.46452564001083374,0.528125,0.50625,13.899564743041992
0.46879658102989197,0.47897833585739136,0.521875,0.515625,11.42120361328125
0.47744259238243103,0.46188321709632874,0.490625,0.51875,11.330842971801758
0.4666324555873871,0.47732576727867126,0.503125,0.48125,11.284351348876953
0.473015695810318,0.4807019829750061,0.53125,0.49375,11.281490325927734
0.4838732182979584,0.49469250440597534,0.475,0.490625,11.572837829589844
0.49519363045692444,0.5025567412376404,0.55625,0.49375,11.415958404541016
0.461249977350235,0.465829998254776,0.53125,0.521875,11.33584976196289
0.4574831426143646,0.4730704426765442,0.575,0.53125,11.315584182739258
0.44906482100486755,0.4441452920436859,0.575,0.615625,11.321544647216797
0.4497408866882324,0.4444235861301422,0.55625,0.590625,11.344671249389648
0.4543922543525696,0.46259188652038574,0.60625,0.5375,11.38448715209961
0.4460863471031189,0.44382157921791077,0.58125,0.596875,11.380910873413086
0.4289979934692383,0.4230898916721344,0.6125,0.571875,11.304855346679688
0.41406601667404175,0.4169521927833557,0.653125,0.6625,11.316776275634766
0.4106596112251282,0.43199682235717773,0.6125,0.609375,11.326313018798828
0.43631163239479065,0.45257455110549927,0.5625,0.56875,11.329174041748047
0.4452173113822937,0.44840654730796814,0.5375,0.55625,11.268377304077148
0.45395055413246155,0.4540039002895355,0.58125,0.54375,11.347770690917969
0.4301872253417969,0.42941173911094666,0.615625,0.61875,11.336565017700195
0.41598090529441833,0.4074234962463379,0.58125,0.61875,11.292219161987305
0.4083981513977051,0.4136982560157776,0.603125,0.615625,11.37995719909668
0.4126618802547455,0.417924165725708,0.578125,0.6,11.328935623168945
0.42357510328292847,0.4275299608707428,0.6375,0.590625,11.339664459228516
0.43030792474746704,0.43500322103500366,0.578125,0.596875,11.33418083190918
0.4392455518245697,0.4254930913448334,0.60625,0.596875,11.31749153137207
0.41063517332077026,0.43689924478530884,0.61875,0.54375,11.333227157592773
0.408963143825531,0.42481398582458496,0.60625,0.659375,11.284828186035156
0.38343575596809387,0.4093340337276459,0.6625,0.625,11.333703994750977
0.4149618148803711,0.4063079357147217,0.64375,0.634375,11.447429656982422
0.38638004660606384,0.39929676055908203,0.653125,0.584375,11.365890502929688
0.3790650963783264,0.3780316710472107,0.696875,0.671875,11.367559432983398
0.36888498067855835,0.3707440495491028,0.65625,0.6875,11.422872543334961
0.3688039183616638,0.38097888231277466,0.65625,0.6875,11.355876922607422
0.3993736505508423,0.3903047442436218,0.74375,0.71875,11.385202407836914
0.37715405225753784,0.38817328214645386,0.759375,0.696875,11.348724365234375
0.3789137005805969,0.37102025747299194,0.734375,0.68125,11.355876922607422
0.39380210638046265,0.36636772751808167,0.6875,0.690625,11.31439208984375
0.35398727655410767,0.3530450761318207,0.73125,0.675,11.33418083190918
0.35435250401496887,0.3472414016723633,0.7125,0.715625,11.295318603515625
0.35303497314453125,0.3630986213684082,0.6875,0.703125,11.331796646118164
0.37181800603866577,0.36175400018692017,0.709375,0.74375,11.342287063598633
0.35496729612350464,0.3600180447101593,0.6875,0.6375,11.409521102905273
0.35439759492874146,0.36088207364082336,0.628125,0.7125,11.335611343383789
0.33540067076683044,0.34592878818511963,0.684375,0.69375,11.328458786010742
0.3411466181278229,0.35295814275741577,0.7125,0.7125,11.261224746704102
0.3302064538002014,0.33104878664016724,0.734375,0.7125,11.339664459228516
0.3516909182071686,0.3361915349960327,0.759375,0.778125,11.362314224243164
0.3396156132221222,0.3332323431968689,0.709375,0.728125,11.344671249389648
0.3633185625076294,0.3579476773738861,0.684375,0.665625,11.325836181640625
0.37790924310684204,0.3878635764122009,0.628125,0.578125,11.363983154296875
0.36198630928993225,0.34108322858810425,0.603125,0.6625,11.458396911621094
0.3311230540275574,0.3492555022239685,0.66875,0.63125,11.418342590332031
0.30313771963119507,0.3088650405406952,0.746875,0.75625,11.425971984863281
0.31497567892074585,0.3240590989589691,0.7375,0.7125,11.417865753173828
0.3498651385307312,0.3292568325996399,0.734375,0.703125,11.406660079956055
0.3293803334236145,0.3531650900840759,0.73125,0.696875,11.420249938964844
0.3289528489112854,0.3273293972015381,0.7125,0.75,11.316776275634766
0.2999519109725952,0.29811516404151917,0.76875,0.725,11.342525482177734
0.3002611994743347,0.2821553349494934,0.74375,0.771875,11.369943618774414
0.2784811854362488,0.2902669906616211,0.775,0.790625,11.434793472290039
0.2873562276363373,0.28427284955978394,0.809375,0.734375,11.354446411132812
0.2745060324668884,0.30236828327178955,0.725,0.74375,11.424779891967773
0.2696533799171448,0.26869112253189087,0.771875,0.74375,11.395454406738281
0.2611407935619354,0.27351564168930054,0.765625,0.753125,11.424541473388672
0.2568160891532898,0.2601923644542694,0.8125,0.7375,11.444091796875
0.25830066204071045,0.2667067050933838,0.790625,0.8125,11.363983154296875
0.25705960392951965,0.2706969678401947,0.809375,0.790625,11.325359344482422
0.2585303485393524,0.259321928024292,0.765625,0.7875,11.40141487121582
0.25942060351371765,0.23618681728839874,0.7875,0.778125,11.407136917114258
0.26962998509407043,0.27280816435813904,0.746875,0.784375,11.379480361938477
0.26562967896461487,0.25914764404296875,0.740625,0.725,11.405229568481445
0.2472699135541916,0.24645297229290009,0.809375,0.8,11.431455612182617
0.22742803394794464,0.24866056442260742,0.803125,0.75625,11.34800910949707
0.22902138531208038,0.22286291420459747,0.790625,0.778125,11.368036270141602
0.22171565890312195,0.24547068774700165,0.778125,0.771875,11.377811431884766
0.22886225581169128,0.23812487721443176,0.796875,0.790625,11.481046676635742
0.22526273131370544,0.2299460470676422,0.8375,0.821875,11.446952819824219
0.2497463971376419,0.25576698780059814,0.825,0.840625,11.444807052612305
0.22402024269104004,0.23958754539489746,0.80625,0.778125,11.358499526977539
0.21985575556755066,0.22362637519836426,0.753125,0.8125,11.389970779418945
0.22724297642707825,0.19870735704898834,0.846875,0.834375,11.419296264648438
0.23846206068992615,0.22989435493946075,0.8375,0.809375,11.425971984863281
0.2304401695728302,0.2322695255279541,0.815625,0.79375,11.433839797973633
0.2190852165222168,0.22537100315093994,0.8375,0.80625,11.359214782714844
0.1986154168844223,0.20689010620117188,0.84375,0.8375,11.466741561889648
0.19127017259597778,0.20395298302173615,0.85625,0.803125,11.348724365234375
0.21743187308311462,0.21972019970417023,0.78125,0.803125,11.43193244934082
0.21434319019317627,0.21779367327690125,0.8,0.8,11.388540267944336
0.22574062645435333,0.2160828411579132,0.78125,0.809375,11.391401290893555
0.20566706359386444,0.22349517047405243,0.75625,0.78125,11.348485946655273
0.20078997313976288,0.18953856825828552,0.834375,0.85,11.362791061401367
0.18923254311084747,0.196856290102005,0.815625,0.809375,11.375188827514648
0.18711349368095398,0.18528100848197937,0.840625,0.85,11.347532272338867
0.20360152423381805,0.19640889763832092,0.815625,0.840625,11.431455612182617
0.2052147388458252,0.23143458366394043,0.803125,0.790625,11.44862174987793
0.20759865641593933,0.21553432941436768,0.834375,0.825,11.441707611083984
0.19387869536876678,0.20287485420703888,0.8,0.8125,11.450529098510742
0.17398414015769958,0.1928516924381256,0.846875,0.78125,11.412858963012695
0.18995127081871033,0.18744130432605743,0.84375,0.809375,11.386394500732422
0.17736871540546417,0.1762498915195465,0.859375,0.8375,11.405229568481445
0.1898895800113678,0.18627555668354034,0.84375,0.825,11.365413665771484
0.17698995769023895,0.17991255223751068,0.821875,0.85,11.349201202392578
0.16770091652870178,0.17319735884666443,0.8125,0.81875,11.382341384887695
0.17045465111732483,0.1712064892053604,0.828125,0.8375,11.307001113891602
0.18050113320350647,0.16500620543956757,0.846875,0.8375,11.358261108398438
0.17767275869846344,0.17834630608558655,0.84375,0.859375,11.379241943359375
0.18691197037696838,0.1683032512664795,0.840625,0.825,11.347532272338867
0.16474437713623047,0.1787080615758896,0.828125,0.85,11.427640914916992
0.16167375445365906,0.16255252063274384,0.825,0.853125,11.419296264648438
0.15643790364265442,0.16533732414245605,0.85,0.81875,11.43956184387207
0.1674690544605255,0.1634836047887802,0.85,0.85625,11.371374130249023
0.15871983766555786,0.1616653949022293,0.865625,0.85,11.345148086547852
0.1661076843738556,0.14490745961666107,0.85,0.85625,11.352300643920898
0.1418549120426178,0.1725578010082245,0.821875,0.853125,11.302709579467773
0.14625540375709534,0.15626725554466248,0.85625,0.83125,11.30366325378418
0.14888857305049896,0.14723506569862366,0.8375,0.865625,11.305093765258789
0.15576179325580597,0.15429595112800598,0.8875,0.8375,11.344194412231445
0.13900409638881683,0.14274512231349945,0.859375,0.834375,11.313915252685547
0.13952529430389404,0.1406913846731186,0.8875,0.88125,11.370420455932617
0.1451890766620636,0.1475827395915985,0.88125,0.85625,11.398792266845703
0.14259454607963562,0.13955357670783997,0.853125,0.85,11.30056381225586
0.1374119520187378,0.13487395644187927,0.89375,0.878125,11.413097381591797
0.13294287025928497,0.13533136248588562,0.840625,0.8125,11.330604553222656
0.13518600165843964,0.13961583375930786,0.834375,0.86875,11.29770278930664
0.12928231060504913,0.1243155375123024,0.81875,0.853125,11.284589767456055
0.1422157883644104,0.13188286125659943,0.8625,0.884375,11.370182037353516
0.13848741352558136,0.13519306480884552,0.846875,0.86875,11.38925552368164
0.13101889193058014,0.12652310729026794,0.88125,0.88125,11.360645294189453
0.12677925825119019,0.12019946426153183,0.9,0.86875,11.429548263549805
0.12406065315008163,0.12330768257379532,0.865625,0.88125,11.46697998046875
0.1306859850883484,0.12195990979671478,0.853125,0.871875,11.462926864624023
0.11955523490905762,0.12883317470550537,0.878125,0.86875,11.421918869018555
0.14021503925323486,0.12845568358898163,0.878125,0.865625,11.353492736816406
0.13471433520317078,0.13115735352039337,0.88125,0.88125,11.515617370605469
0.12962910532951355,0.12573949992656708,0.8625,0.90625,11.457681655883789
0.1255856603384018,0.12180137634277344,0.85,0.865625,11.406898498535156
0.12675698101520538,0.1286628693342209,0.875,0.846875,11.399984359741211
0.12411049753427505,0.1340150088071823,0.884375,0.878125,11.448860168457031
0.1283198446035385,0.125710591673851,0.884375,0.90625,11.413335800170898
0.12358014285564423,0.12209151685237885,0.89375,0.875,11.47770881652832
0.11948750913143158,0.12275664508342743,0.875,0.875,11.490821838378906
0.12841221690177917,0.13535545766353607,0.83125,0.88125,11.447429656982422
0.14162783324718475,0.13341526687145233,0.871875,0.875,11.481761932373047
0.13308776915073395,0.14163580536842346,0.9125,0.85625,11.506795883178711
0.12126167863607407,0.1311652958393097,0.928125,0.9125,11.407613754272461
0.11582095921039581,0.11940084397792816,0.9125,0.890625,11.523723602294922
0.12201503664255142,0.1329982578754425,0.853125,0.896875,11.34037971496582
0.12734101712703705,0.12131957709789276,0.896875,0.90625,11.413335800170898
0.14944107830524445,0.14525605738162994,0.871875,0.88125,11.42263412475586
0.1254795640707016,0.125656858086586,0.884375,0.86875,11.480093002319336
0.12824085354804993,0.12389753758907318,0.884375,0.884375,11.459589004516602
0.11131267249584198,0.11855747550725937,0.903125,0.909375,11.537790298461914
0.11364629119634628,0.11312176287174225,0.88125,0.91875,11.524677276611328
0.11662159860134125,0.11013662815093994,0.896875,0.884375,11.49749755859375
0.1166427955031395,0.12526284158229828,0.915625,0.925,11.41047477722168
0.11224597692489624,0.12499674409627914,0.909375,0.875,11.41500473022461
0.11426153033971786,0.11217992007732391,0.928125,0.9,11.418581008911133
0.10737621784210205,0.10806234180927277,0.90625,0.9125,11.440515518188477
0.10836359113454819,0.10153762251138687,0.9,0.903125,11.449098587036133
0.117519810795784,0.10739873349666595,0.878125,0.921875,11.457204818725586
0.11361636221408844,0.1157473549246788,0.890625,0.89375,11.454343795776367
0.11327413469552994,0.1141999140381813,0.90625,0.903125,11.40904426574707
0.10313145071268082,0.11340073496103287,0.8875,0.9125,11.40737533569336
0.09968166798353195,0.10607067495584488,0.928125,0.896875,11.408805847167969
0.10314871370792389,0.11273960769176483,0.928125,0.903125,11.388540267944336
0.10206003487110138,0.10086898505687714,0.9125,0.9,11.365890502929688
0.11641875654459,0.10762369632720947,0.8875,0.88125,11.364936828613281
0.12015539407730103,0.11656367778778076,0.8875,0.9,11.388301849365234
0.1210615262389183,0.12990963459014893,0.896875,0.890625,11.403083801269531
0.11030449718236923,0.1126418337225914,0.9125,0.9,11.475801467895508
0.09617049992084503,0.10079088062047958,0.91875,0.903125,11.390447616577148
0.10034580528736115,0.10607030242681503,0.8875,0.9,11.544942855834961
0.11471821367740631,0.11580338329076767,0.88125,0.815625,11.29770278930664
0.11904658377170563,0.1247439980506897,0.86875,0.834375,11.374711990356445
0.1222551017999649,0.1210942268371582,0.884375,0.875,11.444568634033203
0.11316732317209244,0.11242997646331787,0.9125,0.8875,11.39521598815918
0.10685566812753677,0.10324974358081818,0.91875,0.8875,11.489152908325195
0.10164984315633774,0.09982355684041977,0.91875,0.91875,11.390924453735352
0.09499301016330719,0.09426594525575638,0.90625,0.9,11.417627334594727
0.10019652545452118,0.09580203145742416,0.921875,0.89375,11.456489562988281
0.10577239096164703,0.11363242566585541,0.921875,0.903125,11.365413665771484
0.10566391050815582,0.1132587343454361,0.9125,0.915625,11.487245559692383
0.11610417068004608,0.11541223526000977,0.9125,0.91875,11.476516723632812
0.1048259288072586,0.09823893010616302,0.896875,0.89375,11.445760726928711
0.0932440459728241,0.09397860616445541,0.928125,0.909375,11.453628540039062
0.09351170808076859,0.09667869657278061,0.934375,0.9,11.403560638427734
0.09791180491447449,0.10341956466436386,0.90625,0.928125,11.446952819824219
0.09926512092351913,0.09827137738466263,0.909375,0.915625,11.441707611083984
0.09742115437984467,0.09734944999217987,0.921875,0.909375,11.484861373901367
0.09242687374353409,0.10210569202899933,0.94375,0.9125,11.42263412475586
0.09897790849208832,0.09874393045902252,0.915625,0.93125,11.40284538269043
0.10363133251667023,0.10966677963733673,0.903125,0.90625,11.404991149902344
0.09057624638080597,0.09839790314435959,0.93125,0.9,11.43193244934082
0.09628277271986008,0.1003694161772728,0.946875,0.909375,11.429786682128906
0.11906798183917999,0.11153268814086914,0.89375,0.91875,11.464118957519531
0.11892364174127579,0.10883767902851105,0.878125,0.91875,11.457443237304688
0.11310629546642303,0.10452795028686523,0.875,0.896875,11.49129867553711
0.10181920230388641,0.10092220455408096,0.9125,0.928125,11.447906494140625
0.08438185602426529,0.0977996438741684,0.95,0.91875,11.362552642822266
0.08301649987697601,0.09470866620540619,0.91875,0.88125,11.409759521484375
0.0857519879937172,0.09664063155651093,0.90625,0.878125,11.379003524780273
0.09701015055179596,0.10081245750188828,0.921875,0.865625,11.353492736816406
0.09240725636482239,0.09301337599754333,0.890625,0.9625,11.408329010009766
0.09404075145721436,0.09106931835412979,0.909375,0.915625,11.44552230834961
0.09607473760843277,0.1079733595252037,0.9125,0.884375,11.406421661376953
0.10207371413707733,0.10448551177978516,0.915625,0.909375,11.406898498535156
0.09781177341938019,0.09737913310527802,0.91875,0.940625,11.363506317138672
0.09351254254579544,0.09715220332145691,0.9,0.940625,11.390924453735352
0.10275904834270477,0.09918243438005447,0.93125,0.940625,11.473417282104492
0.0942474976181984,0.08992268890142441,0.928125,0.909375,11.403322219848633
0.09246543794870377,0.09249227494001389,0.9125,0.928125,11.524677276611328
0.0923219546675682,0.0948152020573616,0.928125,0.9125,11.347293853759766
0.09318782389163971,0.09947198629379272,0.940625,0.90625,11.455774307250977
0.10971976816654205,0.10659782588481903,0.884375,0.9,11.425256729125977
0.10305478423833847,0.0929320678114891,0.89375,0.9375,11.394977569580078
0.09913168847560883,0.09221641719341278,0.896875,0.8875,11.406898498535156
0.08959334343671799,0.08944205939769745,0.925,0.915625,11.401653289794922
0.08792285621166229,0.09062261134386063,0.928125,0.903125,11.411428451538086
0.09091902524232864,0.09065065532922745,0.91875,0.9125,11.438846588134766
0.09315773099660873,0.09032951295375824,0.93125,0.928125,11.380910873413086
0.08724168688058853,0.08989560604095459,0.946875,0.915625,14.321565628051758
0.08257395029067993,0.07894507795572281,0.953125,0.928125,11.478900909423828
0.08484330773353577,0.08473469316959381,0.934375,0.91875,11.557817459106445
0.0833544209599495,0.08209351450204849,0.91875,0.909375,11.473655700683594
0.080558642745018,0.08591298758983612,0.9375,0.925,11.440515518188477
0.08327005058526993,0.08540881425142288,0.925,0.925,11.406660079956055
0.08275701105594635,0.0845239907503128,0.940625,0.915625,11.381387710571289
0.09222777187824249,0.08366797864437103,0.915625,0.91875,11.369943618774414
0.08609398454427719,0.08538347482681274,0.95,0.903125,11.398553848266602
0.0886431485414505,0.0871189758181572,0.9125,0.928125,11.386871337890625
0.07883486896753311,0.08696331828832626,0.940625,0.909375,11.495351791381836
0.08590652793645859,0.08234221488237381,0.9,0.93125,11.453390121459961
0.08462724089622498,0.08613257110118866,0.95,0.940625,11.54637336730957
0.08876477181911469,0.0953918844461441,0.909375,0.896875,11.506080627441406
0.0894971564412117,0.10076967626810074,0.934375,0.93125,11.490821838378906
0.08978749066591263,0.09043177217245102,0.921875,0.909375,11.493206024169922
0.08767187595367432,0.10054527223110199,0.93125,0.915625,11.498689651489258
0.08587444573640823,0.0932166650891304,0.934375,0.9125,11.548519134521484
0.09196814894676208,0.08810566365718842,0.9125,0.915625,11.474370956420898
0.09407661855220795,0.1042582169175148,0.915625,0.940625,11.511564254760742
0.09487709403038025,0.09544667601585388,0.921875,0.928125,11.424064636230469
0.09222042560577393,0.09649264067411423,0.94375,0.9375,11.534452438354492
0.09434808790683746,0.09091838449239731,0.91875,0.928125,11.450052261352539
0.08406373113393784,0.09041982144117355,0.928125,0.928125,11.474847793579102
0.09483198821544647,0.08596499264240265,0.95,0.9125,11.48366928100586
0.09038560092449188,0.0840800479054451,0.91875,0.909375,11.506795883178711
0.08798925578594208,0.08761220425367355,0.9375,0.91875,11.499881744384766
0.08595149219036102,0.08688623458147049,0.95,0.93125,11.536836624145508
0.09167277812957764,0.0821419432759285,0.90625,0.9375,11.500358581542969
0.08874295651912689,0.08404947817325592,0.91875,0.93125,11.461496353149414
0.08052045106887817,0.0953763872385025,0.928125,0.903125,11.554479598999023
0.08861608803272247,0.09123126417398453,0.9125,0.91875,11.552095413208008
0.086757592856884,0.08852904289960861,0.9375,0.91875,11.54637336730957
0.0824631005525589,0.08687467128038406,0.928125,0.921875,11.495828628540039
0.08340983092784882,0.09044800698757172,0.94375,0.940625,11.465072631835938
0.08603955805301666,0.08351083099842072,0.940625,0.9375,11.530876159667969
0.08589774370193481,0.09134380519390106,0.94375,0.934375,11.583566665649414
0.08629647642374039,0.09114710241556168,0.925,0.9375,11.56926155090332
0.08610834181308746,0.08740881830453873,0.93125,0.928125,11.548995971679688
0.08218548446893692,0.08281507343053818,0.95,0.9375,11.508941650390625
0.07775040715932846,0.08472250401973724,0.921875,0.91875,11.505365371704102
0.07911312580108643,0.08818076550960541,0.934375,0.925,11.516809463500977
0.084293432533741,0.08698384463787079,0.91875,0.915625,11.425256729125977
0.08498194813728333,0.09650015085935593,0.903125,0.90625,11.504888534545898
0.09043605625629425,0.09300366789102554,0.9125,0.91875,11.519908905029297
0.0916835218667984,0.08788564801216125,0.921875,0.91875,11.531829833984375
0.0818750187754631,0.08745978772640228,0.9375,0.909375,11.523723602294922
0.0937267318367958,0.08603758364915848,0.915625,0.91875,11.465072631835938
0.08779963105916977,0.08141489326953888,0.925,0.91875,11.568069458007812
0.08351656794548035,0.08344005048274994,0.940625,0.93125,11.49296760559082
0.08214831352233887,0.08814504742622375,0.93125,0.93125,11.510133743286133
0.08056212961673737,0.08524157851934433,0.925,0.94375,11.367082595825195
0.08469927310943604,0.08090318739414215,0.95,0.91875,11.365413665771484
0.07779879868030548,0.08261124789714813,0.93125,0.9375,11.467218399047852
0.08133238554000854,0.08021543174982071,0.925,0.940625,11.559486389160156
0.07895787060260773,0.08244610577821732,0.915625,0.928125,11.502742767333984
0.0821036547422409,0.08156512677669525,0.9125,0.928125,11.540412902832031
0.0773787647485733,0.079923115670681,0.95,0.9375,11.46554946899414
0.07680097222328186,0.07802490890026093,0.934375,0.946875,11.495113372802734
0.08287748694419861,0.08391481637954712,0.925,0.928125,11.446237564086914
0.07484699040651321,0.07774599641561508,0.95625,0.921875,11.513233184814453
0.07869844138622284,0.07802587002515793,0.91875,0.946875,11.548042297363281
0.08330964297056198,0.07634598016738892,0.9375,0.928125,11.575460433959961
0.08149664103984833,0.08232729136943817,0.95,0.921875,11.478900909423828
0.08721897751092911,0.0797739177942276,0.95,0.946875,11.480093002319336
0.08109967410564423,0.08031464368104935,0.946875,0.9125,11.520147323608398
0.06863977015018463,0.07942222058773041,0.9375,0.93125,11.510372161865234
0.08139823377132416,0.07840609550476074,0.909375,0.934375,11.518001556396484
0.08344055712223053,0.07339219748973846,0.925,0.940625,11.487007141113281
0.07973131537437439,0.08556386828422546,0.934375,0.93125,11.489152908325195
0.08536140620708466,0.08028872311115265,0.915625,0.91875,11.537790298461914
0.07921016216278076,0.08572957664728165,0.934375,0.90625,11.513948440551758
0.09479351341724396,0.08841551840305328,0.93125,0.934375,11.505365371704102
0.07810898125171661,0.08753732591867447,0.89375,0.88125,11.514902114868164
0.07480169832706451,0.08614765852689743,0.94375,0.890625,11.510610580444336
0.08496962487697601,0.08449259400367737,0.915625,0.9375,11.504411697387695
0.08062493056058884,0.09121096134185791,0.91875,0.896875,11.478424072265625
0.08047784864902496,0.08384324610233307,0.940625,0.940625,11.591672897338867
0.07871686667203903,0.07752286642789841,0.909375,0.934375,11.501312255859375
0.07828541100025177,0.08104501664638519,0.95,0.93125,11.482954025268555
0.09178972989320755,0.078550323843956,0.934375,0.925,11.544466018676758
0.08805862069129944,0.08889704942703247,0.946875,0.90625,11.457443237304688
0.091770701110363,0.08169487118721008,0.91875,0.934375,11.528730392456055
0.07856564223766327,0.08214396983385086,0.93125,0.921875,11.525392532348633
0.07649213075637817,0.08471216261386871,0.915625,0.940625,11.497020721435547
0.07721628248691559,0.08148127794265747,0.91875,0.946875,11.589765548706055
0.08468905836343765,0.08194927126169205,0.940625,0.915625,11.481761932373047
0.08078911900520325,0.09224282950162888,0.925,0.928125,11.489629745483398
0.07747749239206314,0.08310358971357346,0.93125,0.921875,11.499881744384766
0.07942764461040497,0.07852251082658768,0.9375,0.928125,11.47770881652832
0.07496658712625504,0.07771817594766617,0.934375,0.928125,11.473894119262695
0.07853668928146362,0.08044807612895966,0.95625,0.9375,11.459112167358398
0.07772506773471832,0.07679277658462524,0.909375,0.93125,11.528491973876953
0.0750204473733902,0.08082203567028046,0.940625,0.928125,11.482954025268555
0.07574422657489777,0.07898129522800446,0.921875,0.946875,11.45625114440918
0.08086133003234863,0.07405255734920502,0.896875,0.934375,11.512994766235352
0.07333271950483322,0.07796060293912888,0.934375,0.921875,11.465072631835938
0.08014948666095734,0.0773010328412056,0.921875,0.940625,11.476755142211914
0.07397756725549698,0.07592069357633591,0.909375,0.921875,11.468172073364258
0.07145308703184128,0.08094526827335358,0.93125,0.940625,11.495351791381836
0.07463741302490234,0.07619062811136246,0.915625,0.925,11.487007141113281
0.0749611109495163,0.07394842803478241,0.928125,0.934375,11.451959609985352
0.07280246913433075,0.07903588563203812,0.90625,0.928125,11.579036712646484
0.07330969721078873,0.076537124812603,0.946875,0.946875,11.503934860229492
0.07981936633586884,0.0741954892873764,0.934375,0.94375,11.4288330078125
0.07853607088327408,0.07662969082593918,0.93125,0.9375,11.486530303955078
0.07399019598960876,0.07967638969421387,0.940625,0.9375,11.37232780456543
0.07938644289970398,0.0794297605752945,0.934375,0.93125,11.397838592529297
0.07416822016239166,0.07840956747531891,0.915625,0.915625,11.412382125854492
0.07982826232910156,0.07588721066713333,0.928125,0.90625,11.38615608215332
0.07771455496549606,0.07999368011951447,0.934375,0.94375,11.513471603393555
0.09238468110561371,0.08872868865728378,0.91875,0.93125,11.384725570678711
0.08166331797838211,0.0886087566614151,0.925,0.9125,11.415958404541016
0.08218537271022797,0.08564022928476334,0.940625,0.896875,11.357784271240234
0.0739407166838646,0.07539152354001999,0.896875,0.94375,11.432647705078125
0.07756833732128143,0.07972578704357147,0.9,0.946875,11.420249938964844
0.09013186395168304,0.09391725063323975,0.925,0.909375,11.525392532348633
0.09242023527622223,0.09453675895929337,0.915625,0.890625,11.442899703979492
0.08654339611530304,0.08304424583911896,0.928125,0.90625,11.408567428588867
0.07337336242198944,0.08036436885595322,0.9125,0.93125,11.520147323608398
0.06890445202589035,0.07413153350353241,0.9375,0.928125,11.417150497436523
0.07580442726612091,0.07459576427936554,0.9375,0.9375,11.498689651489258
0.07386554777622223,0.0811040848493576,0.9375,0.95,11.5203857421875
0.08035500347614288,0.08289320021867752,0.940625,0.928125,11.438608169555664
0.07482375204563141,0.07844356447458267,0.940625,0.921875,11.545181274414062
0.07408849149942398,0.07188276946544647,0.928125,0.928125,11.491537094116211
0.07683704048395157,0.07427406311035156,0.915625,0.946875,11.606931686401367
0.0853542760014534,0.07847671210765839,0.95625,0.934375,11.571884155273438
0.07431235909461975,0.07718553394079208,0.934375,0.903125,11.454343795776367
0.08523058146238327,0.07940664887428284,0.928125,0.94375,11.441469192504883
0.08322729915380478,0.07651586830615997,0.915625,0.93125,11.45172119140625
0.07453358918428421,0.08108600229024887,0.934375,0.91875,11.607646942138672
0.08353249728679657,0.08160422742366791,0.928125,0.909375,11.44552230834961
0.08564023673534393,0.08412692695856094,0.909375,0.946875,11.526346206665039
0.08879907429218292,0.08374615758657455,0.91875,0.93125,11.405467987060547
0.10059316456317902,0.09536882489919662,0.896875,0.9,11.473894119262695
0.08996716886758804,0.09106598794460297,0.89375,0.90625,11.439085006713867
0.07882353663444519,0.08836351335048676,0.940625,0.90625,11.548519134521484
0.07586177438497543,0.08127014338970184,0.925,0.93125,11.511087417602539
0.08500193059444427,0.08097905665636063,0.925,0.9125,11.520147323608398
0.08112458139657974,0.09401148557662964,0.953125,0.9125,11.459827423095703
0.0884707123041153,0.08756687492132187,0.909375,0.890625,11.485099792480469
0.07408727705478668,0.07330788671970367,0.94375,0.94375,11.553287506103516
0.07002986967563629,0.07196080684661865,0.928125,0.91875,11.422872543334961
0.07385250926017761,0.07056134194135666,0.946875,0.9125,11.482954025268555
0.06858864426612854,0.08259973675012589,0.9375,0.909375,11.491537094116211
0.07246363908052444,0.07962299883365631,0.925,0.921875,11.58452033996582
0.07588976621627808,0.07807613909244537,0.925,0.909375,11.490345001220703
0.07164698094129562,0.07682875543832779,0.940625,0.94375,11.507987976074219
0.07312259078025818,0.07623356580734253,0.934375,0.915625,11.601686477661133
0.07813675701618195,0.07417537271976471,0.9125,0.896875,11.426925659179688
0.07668711245059967,0.07886375486850739,0.921875,0.909375,11.613845825195312
0.07379044592380524,0.07204306125640869,0.91875,0.928125,11.483192443847656
0.08144355565309525,0.07535239309072495,0.925,0.934375,11.637210845947266
0.0805819183588028,0.07893864810466766,0.93125,0.915625,11.456966400146484
0.07694686949253082,0.08392681926488876,0.93125,0.915625,11.510133743286133
0.07609760761260986,0.08075246214866638,0.91875,0.90625,11.533737182617188
0.07708082348108292,0.0760069340467453,0.9125,0.915625,11.453866958618164
0.07634837180376053,0.07599180936813354,0.915625,0.946875,11.639595031738281
0.07386912405490875,0.07201405614614487,0.928125,0.928125,11.581182479858398
0.0737227350473404,0.07990764826536179,0.915625,0.928125,11.637687683105469
0.07768526673316956,0.07108433544635773,0.94375,0.94375,11.470556259155273
0.07174928486347198,0.07846247404813766,0.934375,0.9625,11.447906494140625
0.07253267616033554,0.08176441490650177,0.928125,0.921875,11.537790298461914
0.07168902456760406,0.0753110945224762,0.940625,0.94375,11.525869369506836
0.07192809879779816,0.06733017414808273,0.909375,0.965625,11.578083038330078
0.07746841013431549,0.07750724256038666,0.93125,0.915625,11.620759963989258
0.07863668352365494,0.074849933385849,0.925,0.9125,11.574745178222656
0.06840711832046509,0.07170720398426056,0.9375,0.946875,11.477470397949219
0.07837500423192978,0.07880532741546631,0.91875,0.928125,11.621952056884766
0.07394854724407196,0.07391650229692459,0.921875,0.91875,11.535882949829102
0.07641004025936127,0.07653395086526871,0.909375,0.9,11.514425277709961
0.07502815872430801,0.07410681247711182,0.94375,0.940625,11.505603790283203
0.06986524164676666,0.07200153917074203,0.9375,0.928125,11.517763137817383
0.07985959202051163,0.0719660148024559,0.91875,0.94375,11.525630950927734
0.06804993003606796,0.06763772666454315,0.953125,0.93125,11.598825454711914
0.07693086564540863,0.08404410630464554,0.934375,0.921875,11.62409782409668
0.06575721502304077,0.07367654144763947,0.946875,0.928125,11.463403701782227
0.07694713771343231,0.07371439039707184,0.9375,0.93125,11.574983596801758
0.07544559240341187,0.06828191876411438,0.934375,0.9375,11.561870574951172
0.06704650819301605,0.07804012298583984,0.934375,0.921875,11.500835418701172
0.07077322155237198,0.07618792355060577,0.925,0.90625,11.5509033203125
0.07232382148504257,0.0739358514547348,0.934375,0.925,11.539220809936523
0.07378287613391876,0.06668908149003983,0.946875,0.9375,11.502504348754883
0.07003329694271088,0.07367102801799774,0.915625,0.95625,11.519670486450195
0.06948275864124298,0.07152377814054489,0.94375,0.946875,11.62266731262207
0.07402962446212769,0.06964727491140366,0.91875,0.946875,11.599302291870117
0.07320491969585419,0.06918781995773315,0.909375,0.95625,11.643648147583008
0.07200390100479126,0.07066353410482407,0.9,0.9375,11.47007942199707
0.07025404274463654,0.07126873731613159,0.93125,0.928125,11.519908905029297
0.06916038691997528,0.06854206323623657,0.940625,0.95,11.534929275512695
0.0693221315741539,0.07116315513849258,0.9375,0.95,11.519670486450195
0.06999726593494415,0.07195521891117096,0.940625,0.921875,11.571884155273438
0.07278867065906525,0.06727190315723419,0.94375,0.95625,11.50822639465332
0.07693935930728912,0.07014977931976318,0.915625,0.93125,11.510133743286133
0.0706000104546547,0.06938765943050385,0.95625,0.94375,11.499643325805664
0.06943197548389435,0.07768614590167999,0.9375,0.925,11.511087417602539
0.07284867018461227,0.07365473359823227,0.915625,0.915625,11.453628540039062
0.07287077605724335,0.08025537431240082,0.925,0.896875,11.55996322631836
0.0760088562965393,0.07057768106460571,0.8875,0.921875,11.514425277709961
0.07188241183757782,0.0732446238398552,0.878125,0.9125,11.543989181518555
0.0730249211192131,0.07144912332296371,0.934375,0.928125,11.507272720336914
0.07095570862293243,0.07153023779392242,0.9375,0.91875,11.51728630065918
0.07559780776500702,0.07395271211862564,0.95625,0.90625,11.545896530151367
0.06755581498146057,0.0740080252289772,0.953125,0.925,11.49892807006836
0.07484214007854462,0.07566114515066147,0.91875,0.94375,11.55996322631836
0.07544054090976715,0.07418467104434967,0.91875,0.921875,11.632442474365234
0.07533473521471024,0.06932277977466583,0.928125,0.93125,11.536836624145508
0.0678282305598259,0.0736544132232666,0.940625,0.95,11.5203857421875
0.07283870875835419,0.08012080937623978,0.925,0.90625,11.512994766235352
0.0734771341085434,0.0706595629453659,0.940625,0.95,11.539459228515625
0.06988644599914551,0.07536084949970245,0.940625,0.93125,11.57069206237793
0.07260943949222565,0.07388858497142792,0.934375,0.925,11.563777923583984
0.06606382876634598,0.07046805322170258,0.921875,0.95,11.568307876586914
0.06900059431791306,0.07252508401870728,0.94375,0.925,11.480331420898438
0.07053068280220032,0.07407258450984955,0.93125,0.928125,11.536359786987305
0.07431114464998245,0.0735711008310318,0.9375,0.915625,11.530876159667969
0.07542841136455536,0.07764563709497452,0.91875,0.934375,11.578559875488281
0.08021488785743713,0.08307689428329468,0.95625,0.940625,11.58285140991211
0.0785505548119545,0.07473083585500717,0.921875,0.921875,11.648416519165039
0.07034213840961456,0.06520995497703552,0.915625,0.925,11.502742767333984
0.06829983741044998,0.07054214924573898,0.921875,0.909375,14.030218124389648
0.07141978293657303,0.07364986091852188,0.94375,0.9,11.535882949829102
0.0692053884267807,0.07157634198665619,0.9375,0.91875,11.48533821105957
0.06992755830287933,0.08028600364923477,0.934375,0.91875,11.57236099243164
0.07324917614459991,0.06798741221427917,0.95625,0.94375,11.562824249267578
0.07209976762533188,0.07491142302751541,0.915625,0.915625,11.529922485351562
0.07366326451301575,0.06995698809623718,0.909375,0.94375,11.617422103881836
0.06864780932664871,0.06862947344779968,0.95,0.921875,11.546611785888672
0.06905132532119751,0.07708887755870819,0.91875,0.93125,11.497020721435547
0.06947718560695648,0.07196531444787979,0.934375,0.921875,11.631011962890625
0.07295896112918854,0.07432353496551514,0.9,0.91875,11.524438858032227
0.06940306723117828,0.07538849115371704,0.9375,0.9125,11.508464813232422
0.06805454194545746,0.07822778075933456,0.928125,0.928125,11.996746063232422
0.07281769812107086,0.06951247155666351,0.915625,0.94375,11.643409729003906
0.07366044819355011,0.06753434985876083,0.9,0.925,11.475086212158203
0.07187863439321518,0.07132584601640701,0.946875,0.9375,11.672735214233398
0.07593239098787308,0.07146535813808441,0.915625,0.93125,11.519670486450195
0.07109569758176804,0.06751177459955215,0.925,0.9375,11.629819869995117
0.06525164097547531,0.0728960782289505,0.925,0.93125,11.463642120361328
0.06541039794683456,0.06777925789356232,0.9125,0.94375,11.494636535644531
0.07231824100017548,0.06893639266490936,0.946875,0.928125,11.476755142211914
0.07604800164699554,0.08006539195775986,0.91875,0.93125,11.581897735595703
0.08023245632648468,0.0856553390622139,0.946875,0.9375,11.533975601196289
0.07844074070453644,0.0866522490978241,0.928125,0.925,11.464834213256836
0.0821128711104393,0.08580798655748367,0.925,0.940625,11.510372161865234
0.07507067918777466,0.0700281634926796,0.934375,0.94375,11.55543327331543
0.0650290697813034,0.0652952641248703,0.9375,0.9375,11.554479598999023
0.06787129491567612,0.06723941117525101,0.946875,0.946875,11.629819869995117
0.06897249072790146,0.06814339756965637,0.94375,0.946875,11.548995971679688
0.07306072860956192,0.0687374472618103,0.940625,0.946875,11.53421401977539
0.06699396669864655,0.0730263739824295,0.9375,0.946875,11.594295501708984
0.06855620443820953,0.07200668752193451,0.91875,0.925,11.52491569519043
0.0687895193696022,0.07011838257312775,0.928125,0.925,11.55996322631836
0.06430648267269135,0.06402319669723511,0.9375,0.921875,11.52491569519043
0.06732650101184845,0.06804690510034561,0.91875,0.94375,11.56759262084961
0.07185010612010956,0.0710628479719162,0.925,0.90625,11.537551879882812
0.07484479993581772,0.07073965668678284,0.93125,0.915625,11.57689094543457
0.0711294561624527,0.0724797174334526,0.93125,0.909375,11.51728630065918
0.06180420517921448,0.06802642345428467,0.96875,0.925,11.562824249267578
0.06336021423339844,0.06387417018413544,0.928125,0.91875,11.510372161865234
0.06822681427001953,0.06709368526935577,0.940625,0.909375,11.58905029296875
0.06802231073379517,0.06927435100078583,0.93125,0.93125,11.54947280883789
0.0688851922750473,0.06684880703687668,0.915625,0.94375,11.612176895141602
0.06377925723791122,0.06916692107915878,0.959375,0.928125,11.533260345458984
0.07094113528728485,0.06251173466444016,0.928125,0.925,11.535406112670898
0.05970936268568039,0.06431617587804794,0.946875,0.95,11.543989181518555
0.06482125073671341,0.06086965650320053,0.940625,0.934375,11.536121368408203
0.06623716652393341,0.07003365457057953,0.91875,0.95,11.60287857055664
0.06819918751716614,0.07885680347681046,0.928125,0.934375,11.582374572753906
0.07914306223392487,0.06978531926870346,0.925,0.925,11.600971221923828
0.07359883934259415,0.07380770891904831,0.959375,0.94375,11.59977912902832
0.07170794159173965,0.06703651696443558,0.928125,0.9375,11.553049087524414
0.06692410260438919,0.06775985658168793,0.9375,0.934375,11.539459228515625
0.0694190114736557,0.07183225452899933,0.940625,0.915625,11.499881744384766
0.07294024527072906,0.06810451298952103,0.909375,0.9,11.584997177124023
0.076950803399086,0.07450659573078156,0.946875,0.9,11.567831039428711
0.07954861968755722,0.07360833138227463,0.896875,0.925,11.565208435058594
0.0706191211938858,0.07203633338212967,0.925,0.93125,11.552572250366211
0.06533659249544144,0.06977785378694534,0.953125,0.9125,11.576652526855469
0.06437066942453384,0.06529711186885834,0.946875,0.91875,11.582374572753906
0.06768637150526047,0.06767290830612183,0.915625,0.915625,11.58452033996582
0.0655335932970047,0.06738950312137604,0.946875,0.940625,11.536598205566406
0.06964309513568878,0.07415091246366501,0.9375,0.93125,11.63625717163086
0.07762689143419266,0.07214931398630142,0.91875,0.9125,11.556148529052734
0.07083790004253387,0.07121916115283966,0.91875,0.896875,11.442422866821289
0.0685410350561142,0.06433051824569702,0.921875,0.93125,11.572122573852539
0.06670968234539032,0.0645686537027359,0.903125,0.915625,11.541604995727539
0.06692632287740707,0.06812351942062378,0.909375,0.9625,11.502265930175781
0.07170867919921875,0.07545582950115204,0.934375,0.9125,11.506319046020508
0.06979183852672577,0.06855682283639908,0.928125,0.9375,11.594772338867188
0.06209542602300644,0.06589820981025696,0.90625,0.91875,11.531352996826172
0.06573353707790375,0.0628957748413086,0.91875,0.9125,11.538505554199219
0.06986300647258759,0.06474687159061432,0.94375,0.95625,11.57069206237793
0.07298509031534195,0.07703907787799835,0.921875,0.934375,11.554241180419922
0.06765146553516388,0.07848715782165527,0.94375,0.909375,11.612415313720703
0.07609628885984421,0.07372453063726425,0.95,0.95,11.61813735961914
0.0691758394241333,0.0701715424656868,0.91875,0.95,11.573076248168945
0.07024134695529938,0.07443715631961823,0.934375,0.89375,11.588335037231445
0.06270569562911987,0.0669214129447937,0.965625,0.940625,11.670112609863281
0.06578448414802551,0.06401523947715759,0.940625,0.946875,11.668920516967773
0.06542999297380447,0.06943419575691223,0.940625,0.896875,11.548519134521484
0.07431072741746902,0.07081665843725204,0.94375,0.925,11.688947677612305
0.06984125822782516,0.06511062383651733,0.921875,0.940625,11.622905731201172
0.06748603284358978,0.0670451819896698,0.903125,0.9375,11.54780387878418
0.06385661661624908,0.06499480456113815,0.959375,0.93125,11.633872985839844
0.0669155940413475,0.07013079524040222,0.91875,0.9375,11.596918106079102
0.08036679029464722,0.07372958958148956,0.946875,0.9375,11.56473159790039
0.06917832791805267,0.08129905164241791,0.93125,0.93125,11.551141738891602
0.08294875919818878,0.07730595767498016,0.9,0.921875,11.524438858032227
0.0670485571026802,0.06991038471460342,0.953125,0.95625,11.482954025268555
0.06526915729045868,0.06298472732305527,0.946875,0.93125,11.525392532348633
0.06383027136325836,0.06413119286298752,0.940625,0.934375,11.552810668945312
0.06471960246562958,0.06448422372341156,0.953125,0.90625,11.518001556396484
0.06595633924007416,0.07191402465105057,0.95,0.91875,11.663436889648438
0.07048632204532623,0.06884036958217621,0.946875,0.93125,11.676549911499023
0.06515008956193924,0.0661265179514885,0.953125,0.953125,11.547327041625977
0.06205723434686661,0.06097900867462158,0.940625,0.934375,11.525869369506836
0.06552805006504059,0.0665774866938591,0.928125,0.9375,11.648178100585938
0.06699426472187042,0.06755945086479187,0.928125,0.959375,11.597633361816406
0.06928662955760956,0.06568072736263275,0.93125,0.91875,11.610031127929688
0.06562419980764389,0.07054758071899414,0.925,0.921875,11.644363403320312
0.06671975553035736,0.0642637237906456,0.925,0.946875,11.549949645996094
0.061726707965135574,0.06112015247344971,0.940625,0.953125,11.494636535644531
0.06115524843335152,0.06354667246341705,0.95,0.940625,11.668205261230469
0.06420885026454926,0.0664728656411171,0.921875,0.9,11.54327392578125
0.06221242621541023,0.06258464604616165,0.925,0.94375,11.500358581542969
0.06482899934053421,0.0657954066991806,0.91875,0.90625,11.581182479858398
0.06536342948675156,0.06463085114955902,0.9375,0.925,11.53254508972168
0.06448908150196075,0.06003255397081375,0.95,0.94375,11.47603988647461
0.07104189693927765,0.06673164665699005,0.953125,0.953125,11.573314666748047
0.07324735075235367,0.07190482318401337,0.928125,0.934375,11.544942855834961
0.06668706983327866,0.0662815123796463,0.946875,0.940625,11.524677276611328
0.058875299990177155,0.06929073482751846,0.925,0.925,11.487245559692383
0.06335894763469696,0.06057947874069214,0.91875,0.946875,11.585712432861328
0.06996840983629227,0.06890394538640976,0.94375,0.946875,11.580228805541992
0.0673358142375946,0.07315033674240112,0.953125,0.934375,11.49439811706543
0.06801612675189972,0.06487472355365753,0.934375,0.928125,11.475324630737305
0.06950382888317108,0.06535901129245758,0.940625,0.928125,11.600971221923828
0.0625912994146347,0.06885630637407303,0.9375,0.94375,11.558771133422852
0.06449304521083832,0.0692732110619545,0.890625,0.921875,11.49129867553711
0.06756873428821564,0.06977949291467667,0.909375,0.94375,11.619329452514648
0.0705532506108284,0.07098942250013351,0.90625,0.915625,11.647939682006836
0.06780209392309189,0.06898060441017151,0.934375,0.909375,11.556625366210938
0.06271852552890778,0.06466130167245865,0.95,0.9375,11.666059494018555
0.06429680436849594,0.06718369573354721,0.928125,0.928125,11.638164520263672
0.0643005445599556,0.0740567222237587,0.95625,0.93125,11.510610580444336
0.06465315818786621,0.06816550344228745,0.93125,0.909375,11.579275131225586
0.05930761247873306,0.06604934483766556,0.95,0.928125,11.543035507202148
0.06215563416481018,0.06881149858236313,0.94375,0.94375,11.607170104980469
0.06179848313331604,0.06364362686872482,0.928125,0.94375,11.58452033996582
0.06707217544317245,0.06413066387176514,0.95,0.95625,11.618852615356445
0.06538136303424835,0.06485310196876526,0.94375,0.915625,11.512517929077148
0.06499240547418594,0.06645019352436066,0.925,0.959375,11.510133743286133
0.0631808415055275,0.060846854001283646,0.9375,0.9625,11.6424560546875
0.06259463727474213,0.06377162784337997,0.940625,0.95625,11.587858200073242
0.061335355043411255,0.06199044734239578,0.9375,0.934375,11.571407318115234
0.06627187132835388,0.06814682483673096,0.9125,0.93125,11.577129364013672
0.06337728351354599,0.06776486337184906,0.946875,0.915625,11.644124984741211
0.06947414577007294,0.06209607794880867,0.95,0.946875,11.581659317016602
0.060562603175640106,0.06709907948970795,0.925,0.921875,11.633634567260742
0.07108179479837418,0.06991882622241974,0.946875,0.925,11.702537536621094
0.06177634000778198,0.06974991410970688,0.946875,0.9375,11.665105819702148
0.060837917029857635,0.061967797577381134,0.9375,0.91875,11.560201644897461
0.06231158971786499,0.06416229158639908,0.946875,0.940625,11.614799499511719
0.06470712274312973,0.06319798529148102,0.925,0.93125,11.66534423828125
0.06431751698255539,0.05897114425897598,0.953125,0.928125,11.644840240478516
0.0608205683529377,0.06741355359554291,0.928125,0.9125,11.57069206237793
0.06259068846702576,0.06272760033607483,0.896875,0.953125,11.653423309326172
0.06479065120220184,0.06646585464477539,0.928125,0.953125,11.53874397277832
0.06385000050067902,0.06328888237476349,0.928125,0.940625,11.61336898803711
0.06223369389772415,0.06845451891422272,0.928125,0.9375,11.511564254760742
0.0683501809835434,0.06658132374286652,0.915625,0.909375,11.497020721435547
0.06613737344741821,0.06377370655536652,0.953125,0.93125,11.524438858032227
0.06623639166355133,0.06367971003055573,0.93125,0.928125,11.551141738891602
0.06359219551086426,0.06550698727369308,0.940625,0.94375,11.539936065673828
0.06561814248561859,0.06148995831608772,0.9625,0.946875,11.656045913696289
0.06452525407075882,0.06640356779098511,0.94375,0.946875,11.623144149780273
0.06576430797576904,0.06851276010274887,0.928125,0.95,11.633872985839844
0.06807024776935577,0.0657276064157486,0.959375,0.946875,11.537790298461914
0.06259657442569733,0.06541343033313751,0.915625,0.909375,11.599063873291016
0.06854872405529022,0.06412380188703537,0.925,0.928125,11.560678482055664
0.06902772933244705,0.06515336781740189,0.93125,0.953125,11.530637741088867
0.0664794072508812,0.0697832852602005,0.928125,0.90625,11.573553085327148
0.06538060307502747,0.06967481970787048,0.896875,0.909375,11.689424514770508
0.06261954456567764,0.06765062361955643,0.9375,0.928125,11.599540710449219
0.06223795562982559,0.06580875813961029,0.965625,0.971875,11.630058288574219
0.06139364093542099,0.06178303435444832,0.940625,0.928125,11.473655700683594
0.06328757107257843,0.07500407099723816,0.940625,0.915625,11.533021926879883
0.06788022816181183,0.06975887715816498,0.921875,0.91875,11.61646842956543
0.0660322979092598,0.0651775598526001,0.90625,0.946875,11.598587036132812
0.06848853826522827,0.0708846002817154,0.91875,0.90625,11.671304702758789
0.06695915758609772,0.07111747562885284,0.9125,0.921875,11.54470443725586
0.0634305328130722,0.06674539297819138,0.95625,0.94375,11.674642562866211
0.06426680833101273,0.0670359805226326,0.94375,0.93125,11.63172721862793
0.06627985090017319,0.07283786684274673,0.940625,0.90625,11.510848999023438
0.07271187007427216,0.06587060540914536,0.915625,0.890625,11.593818664550781
0.06803165376186371,0.06974897533655167,0.940625,0.93125,11.560916900634766
0.06785734742879868,0.06405605375766754,0.934375,0.9125,11.59524917602539
0.06498619168996811,0.06250091642141342,0.93125,0.946875,11.548757553100586
0.05941546708345413,0.06523295491933823,0.940625,0.903125,11.643409729003906
0.056286703795194626,0.061784856021404266,0.95625,0.909375,11.564254760742188
0.0661347508430481,0.059383880347013474,0.946875,0.93125,11.65771484375
0.05870574712753296,0.06422160565853119,0.928125,0.95,11.537551879882812
0.06030285358428955,0.06366200000047684,0.928125,0.90625,11.650800704956055
0.06317054480314255,0.06501835584640503,0.959375,0.9375,11.56473159790039
0.06668370217084885,0.06518445163965225,0.934375,0.925,11.530876159667969
0.05410106107592583,0.05472257733345032,0.94375,0.94375,11.603116989135742
0.06160958483815193,0.06400313973426819,0.921875,0.93125,11.557579040527344
0.061825282871723175,0.058380186557769775,0.921875,0.940625,11.570215225219727
0.06375528872013092,0.06020279973745346,0.928125,0.953125,11.574745178222656
0.06392021477222443,0.06256608664989471,0.925,0.946875,11.532306671142578
0.06384004652500153,0.06829575449228287,0.909375,0.934375,11.607885360717773
0.05920516327023506,0.06119202822446823,0.934375,0.928125,11.620521545410156
0.06497703492641449,0.0631304457783699,0.93125,0.93125,11.562347412109375
0.06220599263906479,0.05933235213160515,0.93125,0.93125,11.524677276611328
0.05913124606013298,0.061455417424440384,0.946875,0.921875,11.554718017578125
0.06362178176641464,0.06119178608059883,0.928125,0.93125,11.453390121459961
0.061167072504758835,0.06091942638158798,0.9125,0.921875,11.531591415405273
0.06260582059621811,0.06067578122019768,0.940625,0.95,11.536121368408203
0.05933087319135666,0.06289082020521164,0.95,0.93125,11.511087417602539
0.062019456177949905,0.06151791661977768,0.940625,0.93125,11.573076248168945
0.05881218984723091,0.0634559839963913,0.928125,0.934375,11.565208435058594
0.06147043779492378,0.06039028242230415,0.934375,0.940625,11.41977310180664
0.05948903039097786,0.06297673285007477,0.921875,0.925,11.430740356445312
0.06032344698905945,0.06005609780550003,0.925,0.946875,11.467933654785156
0.06599628925323486,0.06593934446573257,0.909375,0.93125,11.465787887573242
0.06269921362400055,0.06066419929265976,0.93125,0.9375,11.472463607788086
0.06261418014764786,0.06301265954971313,0.953125,0.94375,11.542558670043945
0.060653913766145706,0.06256751716136932,0.928125,0.9375,11.591672897338867
0.06303928792476654,0.06409113109111786,0.928125,0.94375,11.604547500610352
0.05791471526026726,0.057894252240657806,0.95,0.928125,11.571168899536133
0.05712931603193283,0.05940437316894531,0.9625,0.909375,11.584043502807617
0.060536276549100876,0.05989326164126396,0.94375,0.909375,11.59811019897461
0.05779089406132698,0.06170715019106865,0.928125,0.9375,11.528253555297852
0.0648065060377121,0.061574775725603104,0.93125,0.940625,11.517763137817383
0.0631532222032547,0.06384672224521637,0.95,0.925,11.635541915893555
0.06590750068426132,0.06482252478599548,0.95,0.95,11.529684066772461
0.06322513520717621,0.06252305954694748,0.9375,0.94375,11.604070663452148
0.067945197224617,0.06433377414941788,0.93125,0.953125,11.63172721862793
0.06046120077371597,0.0654447004199028,0.953125,0.93125,11.624813079833984
0.060508836060762405,0.06010014936327934,0.91875,0.975,11.536359786987305
0.06262717396020889,0.05766480043530464,0.925,0.93125,14.475345611572266
0.059698235243558884,0.05931739881634712,0.915625,0.934375,11.632204055786133
0.058498870581388474,0.062282662838697433,0.946875,0.921875,11.547327041625977
0.054116375744342804,0.061719052493572235,0.934375,0.909375,11.580944061279297
0.057340312749147415,0.06249191239476204,0.93125,0.9375,11.595010757446289
0.060628630220890045,0.061809949576854706,0.921875,0.91875,11.593341827392578
0.06013865023851395,0.06107456237077713,0.934375,0.925,11.448144912719727
0.0646917000412941,0.06014440208673477,0.940625,0.965625,11.55710220336914
0.059556275606155396,0.06337542831897736,0.953125,0.921875,11.563777923583984
0.05895998328924179,0.06206039711833,0.934375,0.93125,11.564254760742188
0.0605427548289299,0.06411831825971603,0.9125,0.91875,11.602401733398438
0.05997855216264725,0.061815571039915085,0.934375,0.9375,11.744499206542969
0.060790181159973145,0.05911754444241524,0.93125,0.9375,11.531352996826172
0.06203078106045723,0.06008527800440788,0.93125,0.903125,11.61503791809082
0.06045237183570862,0.06558254361152649,0.921875,0.91875,11.65151596069336
0.060382943600416183,0.061433471739292145,0.915625,0.909375,11.701822280883789
0.061291228979825974,0.059169452637434006,0.95,0.90625,11.597156524658203
0.06611372530460358,0.06322132796049118,0.928125,0.925,11.660099029541016
0.05620958283543587,0.06429791450500488,0.953125,0.921875,11.543989181518555
0.057449519634246826,0.06291423738002777,0.94375,0.928125,11.555910110473633
0.058551739901304245,0.06655792891979218,0.953125,0.9375,11.56926155090332
0.06412182003259659,0.07004442811012268,0.90625,0.928125,11.532783508300781
0.05931266024708748,0.06228566914796829,0.95625,0.93125,11.54947280883789
0.062273722141981125,0.06084209680557251,0.915625,0.934375,11.524200439453125
0.059288389980793,0.06296969950199127,0.93125,0.93125,11.539220809936523
0.06363900005817413,0.06523022800683975,0.946875,0.928125,11.512994766235352
0.06352373957633972,0.06546482443809509,0.940625,0.909375,11.525154113769531
0.06137217953801155,0.0651240274310112,0.940625,0.896875,11.563539505004883
0.062447689473629,0.06250248104333878,0.915625,0.925,11.526107788085938
0.059506677091121674,0.060791678726673126,0.940625,0.925,11.537313461303711
0.06488452851772308,0.06487391889095306,0.93125,0.9375,11.50965690612793
0.06574974209070206,0.05809981748461723,0.95,0.940625,11.551618576049805
0.06048435717821121,0.07191125303506851,0.915625,0.90625,11.436223983764648
0.06014469265937805,0.05883679538965225,0.940625,0.934375,11.516332626342773
0.06025725603103638,0.06254313141107559,0.934375,0.91875,11.455059051513672
0.05638516694307327,0.06574944406747818,0.940625,0.925,11.43646240234375
0.06054236367344856,0.06256154924631119,0.9375,0.94375,11.631250381469727
0.05906057357788086,0.05654075741767883,0.94375,0.921875,11.52801513671875
0.060881078243255615,0.06014661863446236,0.953125,0.9375,11.630773544311523
0.06233193725347519,0.061629556119441986,0.928125,0.909375,11.573553085327148
0.06225388124585152,0.061127305030822754,0.903125,0.953125,11.540651321411133
0.06253081560134888,0.0613592267036438,0.909375,0.940625,11.533260345458984
0.059098728001117706,0.062077492475509644,0.94375,0.915625,11.41357421875
0.05974376201629639,0.05869947001338005,0.921875,0.890625,11.557579040527344
0.059379883110523224,0.06138848513364792,0.90625,0.90625,11.580228805541992
0.06155773252248764,0.06621713191270828,0.946875,0.9,11.570215225219727
0.06010456010699272,0.06236901134252548,0.940625,0.928125,11.647701263427734
0.057092707604169846,0.05730558559298515,0.934375,0.9375,11.667490005493164
0.05860035866498947,0.060645539313554764,0.9125,0.90625,11.578083038330078
0.06202462315559387,0.06066666916012764,0.94375,0.940625,11.572599411010742
0.05751561373472214,0.05893782898783684,0.921875,0.94375,11.538505554199219
0.06314441561698914,0.057349275797605515,0.921875,0.95,11.626005172729492
0.05959651991724968,0.06109241396188736,0.921875,0.946875,11.562108993530273
0.06289170682430267,0.0633668452501297,0.89375,0.940625,11.629343032836914
0.057445526123046875,0.06453433632850647,0.9125,0.946875,11.508703231811523
0.059014808386564255,0.061906665563583374,0.91875,0.934375,11.555910110473633
0.06188138201832771,0.061336494982242584,0.946875,0.915625,11.56926155090332
0.060484111309051514,0.05899661034345627,0.89375,0.934375,11.484146118164062
0.059061311185359955,0.05915399640798569,0.94375,0.9375,11.481046676635742
0.06325506418943405,0.06490934640169144,0.94375,0.928125,11.483907699584961
0.060669563710689545,0.06421709060668945,0.925,0.934375,11.478424072265625
0.05995047092437744,0.058780886232852936,0.93125,0.91875,11.45315170288086
0.057909540832042694,0.05863426253199577,0.940625,0.915625,11.56306266784668
0.057859890162944794,0.05811810493469238,0.921875,0.928125,11.531591415405273
0.06306281685829163,0.0583157017827034,0.940625,0.9375,11.546134948730469
0.06035608798265457,0.0603543221950531,0.934375,0.95,11.518001556396484
0.05851665884256363,0.06017250567674637,0.921875,0.93125,11.537313461303711
0.06165686249732971,0.06141451746225357,0.9375,0.940625,11.588096618652344
0.062371086329221725,0.05969151109457016,0.959375,0.946875,11.640310287475586
0.06046045944094658,0.06017358973622322,0.928125,0.9375,11.560201644897461
0.059185940772295,0.058312706649303436,0.91875,0.940625,11.552810668945312
0.06309580057859421,0.06542689353227615,0.934375,0.95625,11.602163314819336
0.059769582003355026,0.0648859292268753,0.934375,0.934375,11.527776718139648
0.06680357456207275,0.06528394669294357,0.909375,0.9375,11.640548706054688
0.06382870674133301,0.062386494129896164,0.9375,0.93125,11.57689094543457
0.05837225168943405,0.060155708342790604,0.925,0.95,11.532783508300781
0.05793537572026253,0.062354784458875656,0.93125,0.934375,11.544466018676758
0.05709776282310486,0.059800080955028534,0.93125,0.940625,11.645793914794922
0.062011003494262695,0.06040126830339432,0.93125,0.9375,11.615753173828125
0.06285799294710159,0.0603281669318676,0.934375,0.95,11.582612991333008
0.05620919540524483,0.06160392612218857,0.93125,0.934375,11.57379150390625
0.05624542757868767,0.060672156512737274,0.94375,0.93125,11.634349822998047
0.06106044724583626,0.060315750539302826,0.921875,0.940625,11.637449264526367
0.05963096022605896,0.06134722754359245,0.921875,0.928125,11.531352996826172
0.0608278289437294,0.06206972524523735,0.946875,0.91875,11.572599411010742
0.062311917543411255,0.06167527288198471,0.928125,0.93125,11.564254760742188
0.06020086258649826,0.059076763689517975,0.946875,0.959375,11.540651321411133
0.060466211289167404,0.06109832972288132,0.95,0.91875,11.54470443725586
0.06111595034599304,0.05800899863243103,0.921875,0.959375,11.580467224121094
0.05513704940676689,0.05994647741317749,0.94375,0.93125,11.527776718139648
0.05643526464700699,0.06093927100300789,0.9375,0.921875,11.512517929077148
0.058466166257858276,0.06316734850406647,0.934375,0.93125,11.5966796875
0.05619363114237785,0.060099173337221146,0.928125,0.91875,11.444568634033203
0.056292057037353516,0.06080927699804306,0.9375,0.921875,11.596918106079102
0.05710450932383537,0.058382708579301834,0.921875,0.959375,11.656045913696289
0.05505017191171646,0.05722799897193909,0.946875,0.94375,11.596441268920898
0.05791159346699715,0.05672236159443855,0.925,0.9375,11.650800704956055
0.05582524463534355,0.056908607482910156,0.946875,0.940625,11.65771484375
0.05669598653912544,0.05964096263051033,0.928125,0.928125,11.631250381469727
0.05691402032971382,0.05752643942832947,0.9625,0.93125,11.533260345458984
0.05556005984544754,0.05722315236926079,0.95,0.946875,11.692047119140625
0.05607885867357254,0.05737784504890442,0.925,0.940625,11.632680892944336
0.0573456808924675,0.05860744044184685,0.940625,0.934375,11.516094207763672
0.05768745392560959,0.05951354652643204,0.925,0.928125,11.630535125732422
0.05749286338686943,0.05828132480382919,0.959375,0.934375,11.60120964050293
0.055834390223026276,0.059126485139131546,0.95,0.921875,11.52348518371582
0.05839163810014725,0.06149451062083244,0.965625,0.93125,11.626958847045898
0.05823204666376114,0.056703753769397736,0.93125,0.91875,11.635303497314453
0.05914707109332085,0.056743402034044266,0.9375,0.9625,11.456966400146484
0.05588793009519577,0.059059519320726395,0.93125,0.959375,11.565446853637695
0.05388013646006584,0.05931863933801651,0.959375,0.9125,11.63625717163086
0.052298612892627716,0.05951446294784546,0.9375,0.953125,11.54017448425293
0.058654624968767166,0.05712231993675232,0.93125,0.9375,11.541366577148438
0.05880008265376091,0.05804639309644699,0.946875,0.95625,11.612415313720703
0.05827149748802185,0.058241087943315506,0.940625,0.909375,11.644840240478516
0.057069331407547,0.05835576727986336,0.959375,0.921875,11.541604995727539
0.05631239339709282,0.06163720041513443,0.953125,0.925,11.613607406616211
0.05583764240145683,0.056447308510541916,0.925,0.940625,11.684656143188477
0.05751542001962662,0.05716546252369881,0.9375,0.928125,11.528968811035156
0.060357652604579926,0.059135161340236664,0.909375,0.940625,11.663436889648438
0.060588277876377106,0.05830928683280945,0.965625,0.940625,11.686325073242188
0.05655009672045708,0.06053384020924568,0.94375,0.93125,11.610746383666992
0.06043555215001106,0.05770748853683472,0.90625,0.921875,11.62862777709961
0.06056010723114014,0.056643761694431305,0.946875,0.9375,11.68966293334961
0.05716465041041374,0.06125137209892273,0.928125,0.934375,11.618375778198242
0.05605292320251465,0.058431752026081085,0.934375,0.921875,11.644124984741211
0.05835168436169624,0.060797471553087234,0.925,0.921875,11.668920516967773
0.05514032766222954,0.05970389395952225,0.940625,0.91875,11.701583862304688
0.05678410455584526,0.05860552936792374,0.95,0.9125,11.751890182495117
0.055656928569078445,0.05915660783648491,0.94375,0.94375,11.734485626220703
0.058207906782627106,0.05664251372218132,0.95,0.903125,11.649131774902344
0.06090119481086731,0.05873705819249153,0.921875,0.909375,11.618375778198242
0.05787010118365288,0.0628974586725235,0.925,0.91875,11.605978012084961
0.05577068775892258,0.05661749839782715,0.93125,0.94375,11.635780334472656
0.056195326149463654,0.061602044850587845,0.934375,0.9375,11.709451675415039
0.05723400041460991,0.0558067187666893,0.934375,0.93125,11.548757553100586
0.055530451238155365,0.05844782665371895,0.925,0.9375,11.558055877685547
0.062442563474178314,0.06288975477218628,0.91875,0.921875,11.640787124633789
0.06157682463526726,0.06072824448347092,0.921875,0.946875,11.638164520263672
0.06089463084936142,0.057767074555158615,0.94375,0.921875,11.586427688598633
0.0550445094704628,0.05722252279520035,0.959375,0.921875,11.543512344360352
0.053894758224487305,0.057764362543821335,0.934375,0.921875,11.639118194580078
0.05912889167666435,0.060455866158008575,0.953125,0.9375,11.604547500610352
0.05450112745165825,0.056328482925891876,0.9375,0.925,11.637210845947266
0.06099585443735123,0.05834510177373886,0.928125,0.921875,11.505842208862305
0.059331707656383514,0.057617150247097015,0.940625,0.9375,11.531829833984375
0.05350695922970772,0.05663244053721428,0.934375,0.915625,11.555910110473633
0.05540727823972702,0.060997724533081055,0.946875,0.95,11.517047882080078
0.06310547143220901,0.05745963379740715,0.95,0.91875,11.537551879882812
0.06405599415302277,0.06502608954906464,0.925,0.921875,11.629343032836914
0.05937385559082031,0.057684265077114105,0.934375,0.9375,11.62409782409668
0.05824747681617737,0.06074044853448868,0.95,0.946875,11.626720428466797
0.05550016090273857,0.05890520662069321,0.946875,0.915625,11.638402938842773
0.057412635535001755,0.05502531677484512,0.925,0.95625,11.684179306030273
0.05507402494549751,0.056531649082899094,0.95625,0.940625,11.615991592407227
0.056585054844617844,0.06018258258700371,0.94375,0.925,11.554479598999023
0.06101173907518387,0.062296051532030106,0.95,0.940625,11.532783508300781
0.06014044210314751,0.06564171612262726,0.921875,0.921875,11.60430908203125
0.06147215887904167,0.060221195220947266,0.921875,0.95,11.618375778198242
0.05535377189517021,0.05521555617451668,0.96875,0.921875,11.517763137817383
0.06270084530115128,0.0632036104798317,0.915625,0.946875,11.546134948730469
0.06089990586042404,0.06025860831141472,0.91875,0.928125,11.591196060180664
0.06401385366916656,0.05639881640672684,0.940625,0.95,11.509895324707031
0.055235106498003006,0.061466384679079056,0.93125,0.93125,11.606693267822266
0.058231037110090256,0.058504898101091385,0.9375,0.934375,11.58285140991211
0.06069832295179367,0.05925402790307999,0.95,0.928125,11.627912521362305
0.05746026709675789,0.05734118074178696,0.959375,0.940625,11.643409729003906
0.06165415793657303,0.06047254055738449,0.925,0.940625,11.687994003295898
0.059529244899749756,0.061426807194948196,0.934375,0.925,11.659383773803711
0.057170320302248,0.060898929834365845,0.934375,0.934375,11.598587036132812
0.05961408093571663,0.061221618205308914,0.94375,0.928125,11.569023132324219
0.05587705224752426,0.061075638979673386,0.940625,0.946875,11.582136154174805
0.0598125234246254,0.06052383780479431,0.93125,0.921875,11.63792610168457
0.06055022403597832,0.057798437774181366,0.9625,0.940625,11.62862777709961
0.05662061646580696,0.06199856847524643,0.94375,0.94375,11.588811874389648
0.05590877681970596,0.05902387946844101,0.934375,0.928125,11.603116989135742
0.05621027201414108,0.05550770089030266,0.940625,0.928125,11.607170104980469
0.05303366109728813,0.0592198446393013,0.940625,0.934375,11.580944061279297
0.057372916489839554,0.057416997849941254,0.934375,0.934375,11.607646942138672
0.056841038167476654,0.055078864097595215,0.9625,0.928125,11.552810668945312
0.056591592729091644,0.059804558753967285,0.95,0.9375,11.553287506103516
0.05766499042510986,0.057275671511888504,0.90625,0.928125,11.571407318115234
0.05733206868171692,0.0531432218849659,0.953125,0.909375,11.652469635009766
0.0587523877620697,0.05852501466870308,0.928125,0.934375,11.600017547607422
0.05675167962908745,0.05702744051814079,0.934375,0.93125,11.57999038696289
0.057038433849811554,0.06000734120607376,0.921875,0.928125,11.526107788085938
0.05883568525314331,0.05592629313468933,0.95625,0.93125,11.523962020874023
0.05950234457850456,0.05466650053858757,0.934375,0.90625,11.516094207763672
0.05384589359164238,0.06025973707437515,0.94375,0.921875,11.510848999023438
0.05802261829376221,0.058490365743637085,0.953125,0.95,11.503458023071289
0.060811132192611694,0.06505486369132996,0.925,0.928125,11.569023132324219
0.06255917251110077,0.05983462929725647,0.940625,0.940625,11.581659317016602
0.06290984898805618,0.06213783100247383,0.9625,0.93125,11.608123779296875
0.05751834437251091,0.05931394174695015,0.93125,0.946875,11.683940887451172
0.055334676057100296,0.06114666908979416,0.915625,0.934375,11.610746383666992
0.05628667399287224,0.05731484293937683,0.940625,0.925,11.693716049194336
0.05455823987722397,0.05804075673222542,0.925,0.915625,11.599063873291016
0.058359842747449875,0.05743539333343506,0.934375,0.934375,11.63482666015625
0.05659614875912666,0.05727437138557434,0.9375,0.925,11.672258377075195
0.0628165453672409,0.06250940263271332,0.925,0.915625,11.727571487426758
0.05662960931658745,0.05707297474145889,0.959375,0.94375,11.597394943237305
0.05666731670498848,0.05657719820737839,0.921875,0.921875,11.583566665649414
0.05933346226811409,0.05543519929051399,0.9125,0.921875,11.568546295166016
0.059332698583602905,0.058309316635131836,0.903125,0.925,11.621236801147461
0.06063288450241089,0.058382369577884674,0.93125,0.95,11.6119384765625
0.05608629062771797,0.05665157362818718,0.953125,0.9375,11.679410934448242
0.058574121445417404,0.060653842985630035,0.915625,0.946875,11.6119384765625
0.0570102259516716,0.05508347600698471,0.934375,0.9375,11.70802116394043
0.05393566936254501,0.05605103820562363,0.9375,0.928125,11.645793914794922
0.05821514129638672,0.06097304821014404,0.915625,0.91875,11.639118194580078
0.054721008986234665,0.05448107048869133,0.953125,0.95,11.645317077636719
0.05396129935979843,0.05465104430913925,0.95625,0.9375,11.698246002197266
0.05157148838043213,0.0555259995162487,0.9375,0.934375,11.677742004394531
0.055065326392650604,0.057764966040849686,0.915625,0.946875,11.639833450317383
0.053469520062208176,0.056281715631484985,0.95,0.9375,11.656045913696289
0.05816643312573433,0.05805237963795662,0.903125,0.94375,11.53564453125
0.05929049104452133,0.058795712888240814,0.93125,0.925,11.551856994628906
0.05598468706011772,0.05584750324487686,0.94375,0.94375,11.579275131225586
0.055885862559080124,0.05534890294075012,0.946875,0.91875,11.57689094543457
0.05830388516187668,0.05877324938774109,0.940625,0.9,11.642932891845703
0.05886880308389664,0.05600856989622116,0.921875,0.925,11.773347854614258
